timeOpen;timeClose;timeHigh;timeLow;name;open;high;low;close;volume;marketCap;circulatingSupply;timestamp
"2025-12-01T00:00:00.000Z";"2025-12-31T23:59:59.999Z";"2025-12-09T17:07:00.000Z";"2025-12-01T15:46:00.000Z";"2781";90389.1097979024;94601.5708108212;83862.2485209906;87508.8250795458;1487947448336.17;1747516285032.25;19969778;"2025-12-31T23:59:59.999Z"
"2025-11-01T00:00:00.000Z";"2025-11-30T23:59:59.999Z";"2025-11-02T12:06:00.000Z";"2025-11-21T12:30:00.000Z";"2781";109558.6274996546;111167.3134378906;80659.8124264662;90394.308947817;2179411958810.3;1803803900068.52;19955987;"2025-11-30T23:59:59.999Z"
"2025-10-01T00:00:00.000Z";"2025-10-31T23:59:59.999Z";"2025-10-06T18:59:00.000Z";"2025-10-17T10:25:00.000Z";"2781";114057.5921833042;126198.0696034339;103598.4288513281;109556.1608701478;2225033226795.8;2184893745051.09;19942690;"2025-10-31T23:59:59.999Z"
"2025-09-01T00:00:00.000Z";"2025-09-30T23:59:59.999Z";"2025-09-18T18:52:00.000Z";"2025-09-01T05:20:00.000Z";"2781";108228.7470722929;117911.7883364225;107271.183408171;114056.0836474993;1450418370470.49;2272962850720.1;19928203;"2025-09-30T23:59:59.999Z"
"2025-08-01T00:00:00.000Z";"2025-08-31T23:59:59.999Z";"2025-08-14T00:33:00.000Z";"2025-08-30T02:00:00.000Z";"2781";115738.9552122482;124457.1168703663;107444.443172336;108236.7098959993;2048378158797.72;2155311534755.2;19914409;"2025-08-31T23:59:59.999Z"
"2025-07-01T00:00:00.000Z";"2025-07-31T23:59:59.999Z";"2025-07-14T07:40:00.000Z";"2025-07-02T01:18:00.000Z";"2781";107144.3826437445;123091.612801368;105157.39559599;115758.2039287926;2061338304538.11;2303212731755.83;19900065;"2025-07-31T23:59:59.999Z"
"2025-06-01T00:00:00.000Z";"2025-06-30T23:59:59.999Z";"2025-06-09T21:31:00.000Z";"2025-06-22T20:19:00.000Z";"2781";104637.296686896;110561.4198181253;98286.2059304254;107135.3345105601;1424277758115.75;2130649407200.56;19885778;"2025-06-30T23:59:59.999Z"
"2025-05-01T00:00:00.000Z";"2025-05-31T23:59:59.999Z";"2025-05-22T17:35:00.000Z";"2025-05-06T13:55:00.000Z";"2781";94212.8628771738;111970.1681100799;93399.8589076862;104638.0912550028;1496397538235.65;2079433767578.83;19872778;"2025-05-31T23:59:59.999Z"
"2025-04-01T00:00:00.000Z";"2025-04-30T23:59:59.999Z";"2025-04-25T14:57:00.000Z";"2025-04-07T07:05:00.000Z";"2781";82551.9187292547;95768.3924669559;74436.6791009452;94207.311297523;1060974068310.71;1870909932833.95;19858328;"2025-04-30T23:59:59.999Z"
"2025-03-01T00:00:00.000Z";"2025-03-31T23:59:59.999Z";"2025-03-02T17:48:00.000Z";"2025-03-11T00:52:00.000Z";"2781";84373.8643718367;95043.435203001;76624.2524898268;82548.9109608694;1133328839500.75;1638221363683.2;19844740;"2025-03-31T23:59:59.999Z"
"2025-02-01T00:00:00.000Z";"2025-02-28T23:59:59.999Z";"2025-02-01T01:46:00.000Z";"2025-02-28T08:47:00.000Z";"2781";102402.7981153973;102755.7260175272;78248.9161015268;84373.0103295802;1389494855080.7;1673219380516.41;19830562;"2025-02-28T23:59:59.999Z"
"2025-01-01T00:00:00.000Z";"2025-01-31T23:59:59.999Z";"2025-01-20T06:56:00.000Z";"2025-01-13T14:37:00.000Z";"2781";93425.1021360494;109114.8848340883;89260.1001886086;102405.0270844454;1917584997242.14;2029428972448.1;19817771;"2025-01-31T23:59:59.999Z"
"2024-12-01T00:00:00.000Z";"2024-12-31T23:59:59.999Z";"2024-12-17T14:59:00.000Z";"2024-12-30T15:11:00.000Z";"2781";96461.3368002386;108268.4470804361;91317.1354600511;93429.2028113992;2367571853073.27;1850183342119.26;19803921;"2024-12-31T23:59:59.999Z"
"2024-11-01T00:00:00.000Z";"2024-11-30T23:59:59.999Z";"2024-11-22T19:38:00.000Z";"2024-11-04T21:55:00.000Z";"2781";70216.8969678825;99655.5010786335;66803.649995796;96449.0558127732;2214093389107.44;1908652965665.17;19789534;"2024-11-30T23:59:59.999Z"
"2024-10-01T00:00:00.000Z";"2024-10-31T23:59:59.999Z";"2024-10-29T19:12:00.000Z";"2024-10-10T18:27:00.000Z";"2781";63335.603583719;73577.2096582116;58895.2078078197;70215.1856325839;1049276385591.06;1388607599014.43;19775975;"2024-10-31T23:59:59.999Z"
"2024-09-01T00:00:00.000Z";"2024-09-30T23:59:59.999Z";"2024-09-27T14:39:00.000Z";"2024-09-06T21:01:00.000Z";"2781";58969.7994536059;66480.6947101072;52598.6996623841;63329.4981294766;935228464018.62;1251461875405.87;19761121;"2024-09-30T23:59:59.999Z"
"2024-08-01T00:00:00.000Z";"2024-08-31T23:59:59.999Z";"2024-08-01T22:27:00.000Z";"2024-08-05T06:25:00.000Z";"2781";64625.8404447144;65593.244771184;49121.2373775943;58969.8983660431;1076531038326.07;1164522862133.13;19747784;"2024-08-31T23:59:59.999Z"
"2024-07-01T00:00:00.000Z";"2024-07-31T23:59:59.999Z";"2024-07-29T13:07:00.000Z";"2024-07-05T04:20:00.000Z";"2781";62673.6063386528;69987.5422080099;53717.3754334207;64619.2496492185;953395573304.8;1275323104043.98;19733950;"2024-07-31T23:59:59.999Z"
"2024-06-01T00:00:00.000Z";"2024-06-30T23:59:59.999Z";"2024-06-07T12:17:00.000Z";"2024-06-24T20:31:00.000Z";"2781";67475.4311813476;71907.8489829092;58601.7000722967;62678.292079457;751726832520.26;1235944779945.39;19718865;"2024-06-30T23:59:59.999Z"
"2024-05-01T00:00:00.000Z";"2024-05-31T23:59:59.999Z";"2024-05-21T00:20:00.000Z";"2024-05-01T08:24:00.000Z";"2781";60609.4979456889;71946.462688481;56555.2940546252;67489.6117770498;874291509756.41;1329961627933.33;19706168;"2024-05-31T23:59:59.999Z"
"2024-04-01T00:00:00.000Z";"2024-04-30T23:59:59.999Z";"2024-04-08T12:13:00.000Z";"2024-04-30T20:00:00.000Z";"2781";71333.4847168797;72715.3596085505;59120.0680465683;60636.8567800147;1016068331704.26;1193544962108.24;19692375;"2024-04-30T23:59:59.999Z"
"2024-03-01T00:00:00.000Z";"2024-03-31T23:59:59.999Z";"2024-03-14T07:07:00.000Z";"2024-03-05T19:58:00.000Z";"2781";61168.0624293716;73750.07385038;59323.9089421326;71333.6479258644;1446417844950.47;1403108244335.61;19669700;"2024-03-31T23:59:59.999Z"
"2024-02-01T00:00:00.000Z";"2024-02-29T23:59:59.999Z";"2024-02-28T17:16:00.000Z";"2024-02-01T01:38:00.000Z";"2781";42569.7613984399;63913.1318135774;41879.1899911815;61198.382897303;830721862618.56;1202008882583.53;19641187;"2024-02-29T23:59:59.999Z"
"2024-01-01T00:00:00.000Z";"2024-01-31T23:59:59.999Z";"2024-01-11T14:52:00.000Z";"2024-01-23T14:24:00.000Z";"2781";42280.2352761923;48969.3713995297;38521.8938882205;42582.6063895367;825918941348.23;835231465697.41;19614381;"2024-01-31T23:59:59.999Z"
"2023-12-01T00:00:00.000Z";"2023-12-31T23:59:59.999Z";"2023-12-08T21:26:00.000Z";"2023-12-01T00:28:00.000Z";"2781";37718.0096264496;44705.5150094178;37629.3589120492;42265.185654866;721704910476.24;827811209384.42;19586125;"2023-12-31T23:59:59.999Z"
"2023-11-01T00:00:00.000Z";"2023-11-30T23:59:59.999Z";"2023-11-24T15:41:00.000Z";"2023-11-03T10:20:00.000Z";"2781";34657.275324496;38415.3381982376;34133.4396153842;37712.7477716325;570863267378.05;737560917365.82;19557337;"2023-11-30T23:59:59.999Z"
"2023-10-01T00:00:00.000Z";"2023-10-31T23:59:59.999Z";"2023-10-24T02:27:00.000Z";"2023-10-12T17:36:00.000Z";"2781";26967.3974331494;35150.4334987547;26558.320783999;34667.7793605467;476425634860.31;677047621125.28;19529593;"2023-10-31T23:59:59.999Z"
"2023-09-01T00:00:00.000Z";"2023-09-30T23:59:59.999Z";"2023-09-19T15:37:00.000Z";"2023-09-11T20:02:00.000Z";"2781";25934.0208061586;27488.7638021952;24930.2974941684;26967.9163010637;337637313742.31;525885640459.76;19500418;"2023-09-30T23:59:59.999Z"
"2023-08-01T00:00:00.000Z";"2023-08-31T23:59:59.999Z";"2023-08-08T21:22:00.000Z";"2023-08-17T21:45:00.000Z";"2781";29230.8724049903;30176.7962374838;25409.1116027686;25931.4728933574;437724169499.52;504957555550.64;19472768;"2023-08-31T23:59:59.999Z"
"2023-07-01T00:00:00.000Z";"2023-07-31T23:59:59.999Z";"2023-07-13T19:32:00.000Z";"2023-07-24T15:11:00.000Z";"2781";30471.8475630488;31814.5148120678;28934.2941602457;29230.110878649;382224489087.03;568365621732.67;19444525;"2023-07-31T23:59:59.999Z"
"2023-06-01T00:00:00.000Z";"2023-06-30T23:59:59.999Z";"2023-06-23T16:15:00.000Z";"2023-06-15T11:18:00.000Z";"2781";27218.4123755644;31389.5381281357;24797.1678486154;30477.2512822446;481734214225.81;591758288455.82;19416393;"2023-06-30T23:59:59.999Z"
"2023-05-01T00:00:00.000Z";"2023-05-31T23:59:59.999Z";"2023-05-06T00:38:00.000Z";"2023-05-12T19:29:00.000Z";"2781";29227.1039819099;29820.1266220765;25878.428829536;27219.6586081109;443473015482.63;527773175252.01;19389412;"2023-05-31T23:59:59.999Z"
"2023-04-01T00:00:00.000Z";"2023-04-30T23:59:59.999Z";"2023-04-14T06:54:00.000Z";"2023-04-24T16:56:00.000Z";"2781";28473.3318011971;31005.6080444729;27070.8494995525;29268.8070431626;531060399718.28;566661285145.37;19360587;"2023-04-30T23:59:59.999Z"
"2023-03-01T00:00:00.000Z";"2023-03-31T23:59:59.999Z";"2023-03-30T02:41:00.000Z";"2023-03-10T11:25:00.000Z";"2781";23150.9299581785;29159.9026178662;19628.2543094205;28478.4846056804;883299703607.68;550593053896.62;19333650;"2023-03-31T23:59:59.999Z"
"2023-02-01T00:00:00.000Z";"2023-02-28T23:59:59.999Z";"2023-02-16T16:06:00.000Z";"2023-02-13T17:57:00.000Z";"2781";23137.8351361505;25134.1173501961;21460.0885038644;23147.3533899085;723968574896.01;446846764116.35;19304443;"2023-02-28T23:59:59.999Z"
"2023-01-01T00:00:00.000Z";"2023-01-31T23:59:59.999Z";"2023-01-29T19:49:00.000Z";"2023-01-01T09:10:00.000Z";"2781";16547.9143978715;23919.8897614092;16521.233430529;23139.2839099123;690928920787.36;446082285297.19;19278137;"2023-01-31T23:59:59.999Z"
"2022-12-01T00:00:00.000Z";"2022-12-31T23:59:59.999Z";"2022-12-14T18:58:00.000Z";"2022-12-19T22:37:00.000Z";"2781";17168.0021376253;18318.530584361;16398.1362516753;16547.4953660162;567256839394.97;318516317872.25;19248612;"2022-12-31T23:59:59.999Z"
"2022-11-01T00:00:00.000Z";"2022-11-30T23:59:59.999Z";"2022-11-05T04:22:00.000Z";"2022-11-21T21:53:00.000Z";"2781";20494.8976229392;21446.8860966908;15599.0471753829;17168.5655484864;1224531549126.67;329997633644.39;19221037;"2022-11-30T23:59:59.999Z"
"2022-10-01T00:00:00.000Z";"2022-10-31T23:59:59.999Z";"2022-10-29T10:24:00.000Z";"2022-10-13T13:20:00.000Z";"2781";19431.1049459172;20988.3944704236;18319.8226296141;20495.7742320325;957903424925.88;393413045572.67;19194837;"2022-10-31T23:59:59.999Z"
"2022-09-01T00:00:00.000Z";"2022-09-30T23:59:59.999Z";"2022-09-13T12:26:00.000Z";"2022-09-21T22:20:00.000Z";"2781";20050.4986698419;22673.8197662856;18290.315188225;19431.7894465994;1123272250383.71;372414733487.45;19165231;"2022-09-30T23:59:59.999Z"
"2022-08-01T00:00:00.000Z";"2022-08-31T23:59:59.999Z";"2022-08-15T03:19:00.000Z";"2022-08-29T00:22:00.000Z";"2781";23336.7180518604;25135.5903960686;19600.7850348256;20049.7631893726;894192654541.42;383710102294.98;19137887;"2022-08-31T23:59:59.999Z"
"2022-07-01T00:00:00.000Z";"2022-07-31T23:59:59.999Z";"2022-07-30T15:49:00.000Z";"2022-07-03T04:58:00.000Z";"2781";19820.4704741998;24572.5794217469;18966.9506341661;23336.8956049843;927582363389.69;445941074223.04;19108843;"2022-07-31T23:59:59.999Z"
"2022-06-01T00:00:00.000Z";"2022-06-30T23:59:59.999Z";"2022-06-01T00:58:00.000Z";"2022-06-18T20:56:00.000Z";"2781";31792.5538087129;31957.2843170438;17708.6237125896;19784.7264946249;923939211678.26;377526215552.49;19081700;"2022-06-30T23:59:59.999Z"
"2022-05-01T00:00:00.000Z";"2022-05-31T23:59:59.999Z";"2022-05-04T19:19:00.000Z";"2022-05-12T07:19:00.000Z";"2781";37713.265089741;39902.9502136511;26350.4901742248;31792.3099432754;1089422059065.44;605797887876.49;19054856;"2022-05-31T23:59:59.999Z"
"2022-04-01T00:00:00.000Z";"2022-04-30T23:59:59.999Z";"2022-04-03T22:47:00.000Z";"2022-04-30T23:51:00.000Z";"2781";45554.1638120546;47313.4768544721;37697.9427790922;37714.875545299;830115888651.02;717596901508.72;19026893;"2022-04-30T23:59:59.999Z"
"2022-03-01T00:00:00.000Z";"2022-03-31T23:59:59.999Z";"2022-03-28T19:36:00.000Z";"2022-03-07T20:05:00.000Z";"2781";43194.5042113042;48086.8367491568;37260.2017138385;45538.6769223388;830943838434.68;865202119215.74;18999281;"2022-03-31T23:59:59.999Z"
"2022-02-01T00:00:00.000Z";"2022-02-28T23:59:59.999Z";"2022-02-10T17:19:00.000Z";"2022-02-24T05:47:00.000Z";"2781";38481.7653685119;45661.1731433747;34459.2177282867;43193.2340330233;671335993322.1;819414782676.49;18970906;"2022-02-28T23:59:59.999Z"
"2022-01-01T00:00:00.000Z";"2022-01-31T23:59:59.999Z";"2022-01-02T17:08:00.000Z";"2022-01-24T11:07:00.000Z";"2781";46311.744663041;47881.4062331606;33184.0595656615;38483.126309273;923979037677.66;729073641687.68;18945281;"2022-01-31T23:59:59.999Z"
"2021-12-01T00:00:00.000Z";"2021-12-31T23:59:59.999Z";"2021-12-01T16:18:11.000Z";"2021-12-04T05:28:02.000Z";"2781";56907.9667338266;59041.6852434855;42874.6168583905;46306.4461226996;957047184721.19;875939356678.79;18916143;"2021-12-31T23:59:59.999Z"
"2021-11-01T00:00:00.000Z";"2021-11-30T23:59:59.999Z";"2021-11-10T14:17:02.000Z";"2021-11-26T23:59:02.000Z";"2781";61320.4494915952;68789.6259389221;53569.7639630968;57005.4254735998;1053270271384.16;1076689232562.09;18887487;"2021-11-30T23:59:59.999Z"
"2021-10-01T00:00:00.000Z";"2021-10-31T23:59:59.999Z";"2021-10-20T14:53:02.000Z";"2021-10-01T02:51:02.000Z";"2781";43816.7406442989;66930.3872709899;43320.0229785376;61318.957766606;1153077903531.53;1156485845063.1;18860168;"2021-10-31T23:59:59.999Z"
"2021-09-01T00:00:00.000Z";"2021-09-30T23:59:59.999Z";"2021-09-07T03:22:30.000Z";"2021-09-21T21:20:02.000Z";"2781";47099.77486941;52853.7637963;39787.6097979604;43790.8956254849;1102139678824.68;824619217607.52;18830837;"2021-09-30T23:59:59.999Z"
"2021-08-01T00:00:00.000Z";"2021-08-31T23:59:59.999Z";"2021-08-23T11:56:03.000Z";"2021-08-05T12:47:03.000Z";"2781";41460.84408133;50482.07640834;37458.00399335;47166.68794545;1065642012587.53;886869903602.64;18802887;"2021-08-31T23:59:59.999Z"
"2021-07-01T00:00:00.000Z";"2021-07-31T23:59:59.999Z";"2021-07-30T23:59:06.000Z";"2021-07-20T14:18:13.000Z";"2781";35035.98271227;42235.54770874;29360.95583827;41626.19567624;877979009506.43;781431379811.19;18772587;"2021-07-31T23:59:59.999Z"
"2021-06-01T00:00:00.000Z";"2021-06-30T23:59:59.999Z";"2021-06-15T18:15:03.000Z";"2021-06-22T13:56:03.000Z";"2781";37293.79237447;41295.26857449;28893.62165844;35040.83724889;1189647451706.77;656852513237.54;18745343;"2021-06-30T23:59:59.999Z"
"2021-05-01T00:00:00.000Z";"2021-05-31T23:59:59.999Z";"2021-05-10T04:07:03.000Z";"2021-05-19T13:10:03.000Z";"2781";57714.66485835;59519.35442559;30681.49691178;37332.85368874;1976593438571.94;698990486184.97;18723200;"2021-05-31T23:59:59.999Z"
"2021-04-01T00:00:00.000Z";"2021-04-30T23:59:59.999Z";"2021-04-14T11:44:03.000Z";"2021-04-25T21:43:03.000Z";"2781";58926.56414734;64863.0989077;47159.48584083;57750.17734563;1844481772415.39;1079669884319.7;18695525;"2021-04-30T23:59:59.999Z"
"2021-03-01T00:00:00.000Z";"2021-03-31T23:59:59.999Z";"2021-03-13T20:44:38.000Z";"2021-03-01T00:07:36.000Z";"2781";45159.50305253;61683.86401412;45115.09311478;58918.83271375;1681184264685.64;1100016786762.56;18670037;"2021-03-31T23:59:59.999Z"
"2021-02-01T00:00:00.000Z";"2021-02-28T23:59:59.999Z";"2021-02-21T19:09:40.000Z";"2021-02-01T00:30:43.000Z";"2781";33114.57724298;58330.57214185;32384.22810648;45137.77046805;2267152936673.9;841428977514.57;18641350;"2021-02-28T23:59:59.999Z"
"2021-01-01T00:00:00.000Z";"2021-01-31T23:59:59.999Z";"2021-01-08T15:11:42.000Z";"2021-01-04T10:19:42.000Z";"2781";28994.00891641;41946.73935079;28722.75527058;33114.35774753;2153473433573.37;616452744533.29;18615875;"2021-01-31T23:59:59.999Z"
"2020-12-01T00:00:00.000Z";"2020-12-31T23:59:59.999Z";"2020-12-31T00:23:36.000Z";"2020-12-11T11:40:53.000Z";"2781";19633.77044727;29244.87668786;17619.53238938;29001.71982218;1212259707945.2;539051138107.79;18586868;"2020-12-31T23:59:59.999Z"
"2020-11-01T00:00:00.000Z";"2020-11-30T23:59:59.999Z";"2020-11-30T15:18:39.000Z";"2020-11-02T12:46:48.000Z";"2781";13780.99480514;19749.26369425;13243.159866;19625.83502949;1140873393626.59;364229729425.88;18558687;"2020-11-30T23:59:59.999Z"
"2020-10-01T00:00:00.000Z";"2020-10-31T23:59:59.999Z";"2020-10-31T10:07:43.000Z";"2020-10-02T05:35:47.000Z";"2781";10795.25474253;14028.21429317;10416.68920469;13780.99470249;1050874546084.33;255372071116.28;18530743;"2020-10-31T23:59:59.999Z"
"2020-09-01T00:00:00.000Z";"2020-09-30T23:59:59.999Z";"2020-09-01T16:02:46.000Z";"2020-09-08T22:21:20.000Z";"2781";10802.03547482;12059.87014159;9901.90575533;10784.49157795;1174781695423.43;199556965503.78;18504068;"2020-09-30T23:59:59.999Z"
"2020-08-01T00:00:00.000Z";"2020-08-31T23:59:59.999Z";"2020-08-28T10:12:16.000Z";"2020-08-29T10:58:17.000Z";"2781";11382.78588591;13149.69444935;104.61895563;10804.94121976;554052349456.13;199630473235.11;18476243;"2020-08-31T23:59:59.999Z"
"2020-07-01T00:00:00.000Z";"2020-07-31T23:59:59.999Z";"2020-07-31T16:16:00.000Z";"2020-07-05T21:26:00.000Z";"2781";9145.98505502;11415.8638958;8977.01563525;11323.4664207;23160469766.39;208895308529.07;18448000;"2020-07-31T23:59:59.999Z"
"2020-06-01T00:00:00.000Z";"2020-06-30T23:59:59.999Z";"2020-06-01T23:30:01.000Z";"2020-06-28T04:56:01.000Z";"2781";9463.6056622;10199.5649719;8975.52585473;9137.99340026;15735797743.99;168315606321.29;18419318;"2020-06-30T23:59:59.999Z"
"2020-05-01T00:00:00.000Z";"2020-05-31T23:59:59.999Z";"2020-05-08T00:53:01.000Z";"2020-05-11T18:24:01.000Z";"2781";8672.7819143;9996.74335304;8374.32297508;9461.05891806;27773290298.51;173997151929.68;18390875;"2020-05-31T23:59:59.999Z"
"2020-04-01T00:00:00.000Z";"2020-04-30T23:59:59.999Z";"2020-04-30T06:22:00.000Z";"2020-04-01T16:58:00.000Z";"2781";6437.31921486;9440.65067326;6202.37351173;8658.55417975;66964629541.31;158922133909.09;18354350;"2020-04-30T23:59:59.999Z"
"2020-03-01T00:00:00.000Z";"2020-03-31T23:59:59.999Z";"2020-03-06T11:57:01.000Z";"2020-03-13T02:26:01.000Z";"2781";8599.7583441;9167.69579623;4106.98075029;6438.64476637;32786468812.08;117814077266.54;18297962;"2020-03-31T23:59:59.999Z"
"2020-02-01T00:00:00.000Z";"2020-02-29T23:59:59.999Z";"2020-02-13T07:15:00.000Z";"2020-02-28T12:46:00.000Z";"2781";9346.35762761;10457.6271997;8492.93215312;8599.50861972;35792392544.01;156895988083.74;18244762;"2020-02-29T23:59:59.999Z"
"2020-01-01T00:00:00.000Z";"2020-01-31T23:59:59.999Z";"2020-01-30T20:47:01.000Z";"2020-01-03T02:10:01.000Z";"2781";7194.89197053;9553.12613251;6914.99590793;9350.52936518;29432489719.13;170112778161.32;18192850;"2020-01-31T23:59:59.999Z"
"2019-12-01T00:00:00.000Z";"2019-12-31T23:59:59.999Z";"2019-12-05T12:22:00.000Z";"2019-12-18T13:27:01.000Z";"2781";7571.61619421;7743.43172474;6540.04927709;7193.59897843;21167946112.3;130446112598.42;18133637;"2019-12-31T23:59:59.999Z"
"2019-11-01T00:00:00.000Z";"2019-11-30T23:59:59.999Z";"2019-11-04T20:47:00.000Z";"2019-11-25T05:43:00.000Z";"2781";9193.99198943;9505.05167619;6617.1670508;7569.63012202;17158194786.41;136829391048.65;18076100;"2019-11-30T23:59:59.999Z"
"2019-10-01T00:00:00.000Z";"2019-10-31T23:59:59.999Z";"2019-10-26T02:02:01.000Z";"2019-10-24T06:58:01.000Z";"2781";8299.72110496;10021.743983;7446.98855091;9199.58483269;26583653946.63;165804227834.59;18023012;"2019-10-31T23:59:59.999Z"
"2019-09-01T00:00:00.000Z";"2019-09-30T23:59:59.999Z";"2019-09-06T12:30:00.000Z";"2019-09-30T07:11:01.000Z";"2781";9630.59319616;10898.7621803;7830.75876126;8293.86774062;17115474183.47;149011567415.16;17966475;"2019-09-30T23:59:59.999Z"
"2019-08-01T00:00:00.000Z";"2019-08-31T23:59:59.999Z";"2019-08-06T10:14:00.000Z";"2019-08-29T07:45:00.000Z";"2781";10077.442592;12273.8213783;9421.63015965;9630.66384768;11454806419.01;172470743516.18;17908500;"2019-08-31T23:59:59.999Z"
"2019-07-01T00:00:00.000Z";"2019-07-31T23:59:59.999Z";"2019-07-10T13:40:00.000Z";"2019-07-17T11:50:01.000Z";"2781";10796.9306183;13129.5289339;9163.13464449;10085.6277491;16631520647.75;180028959602.82;17850050;"2019-07-31T23:59:59.999Z"
"2019-06-01T00:00:00.000Z";"2019-06-30T23:59:59.999Z";"2019-06-26T19:56:01.000Z";"2019-06-04T22:07:01.000Z";"2781";8573.83972489;13796.4890807;7564.48860353;10817.1555981;27256473494.47;192442065810.22;17790450;"2019-06-30T23:59:59.999Z"
"2019-05-01T00:00:00.000Z";"2019-05-31T23:59:59.999Z";"2019-05-30T16:11:00.000Z";"2019-05-01T00:13:00.000Z";"2781";5350.91450555;9008.31456846;5347.6461061;8574.50164907;25365190957.39;152059886413.55;17733962;"2019-05-31T23:59:59.999Z"
"2019-04-01T00:00:00.000Z";"2019-04-30T23:59:59.999Z";"2019-04-24T06:22:00.000Z";"2019-04-01T00:35:00.000Z";"2781";4105.36242087;5642.04459312;4096.90125463;5350.72669668;13878964573.8;94573826827.48;17674950;"2019-04-30T23:59:59.999Z"
"2019-03-01T00:00:00.000Z";"2019-03-31T23:59:59.999Z";"2019-03-30T05:31:00.000Z";"2019-03-04T10:54:00.000Z";"2781";3853.75713203;4296.8066502;3733.74966077;4105.40429618;9045122442.87;72339379035.95;17620525;"2019-03-31T23:59:59.999Z"
"2019-02-01T00:00:00.000Z";"2019-02-28T23:59:59.999Z";"2019-02-24T03:35:00.000Z";"2019-02-08T01:12:00.000Z";"2781";3460.54712403;4210.64175454;3391.02375248;3854.78528208;8399767798.46;67704774107.03;17563825;"2019-02-28T23:59:59.999Z"
"2019-01-01T00:00:00.000Z";"2019-01-31T23:59:59.999Z";"2019-01-08T15:47:00.000Z";"2019-01-29T08:02:00.000Z";"2781";3746.71338747;4109.02106516;3400.81972619;3457.79274724;5831198270.87;60553903927.49;17512300;"2019-01-31T23:59:59.999Z"
"2018-12-01T00:00:00.000Z";"2018-12-31T23:59:59.999Z";"2018-12-01T20:04:01.000Z";"2018-12-15T15:56:01.000Z";"2781";4024.46424203;4309.37731216;3191.30356157;3742.70033544;4661840806.32;65331499157.74;17455712;"2018-12-31T23:59:59.999Z"
"2018-11-01T00:00:00.000Z";"2018-11-30T23:59:59.999Z";"2018-11-07T08:42:00.000Z";"2018-11-25T10:28:00.000Z";"2781";6318.14;6552.16;3585.06;4017.26845712;6048016716.85;69904637061.28;17401037;"2018-11-30T23:59:59.999Z"
"2018-10-01T00:00:00.000Z";"2018-10-31T23:59:59.999Z";"2018-10-15T07:04:00.000Z";"2018-10-12T00:24:00.000Z";"2781";6619.85;6965.06;6236.47;6317.61;4191240000;109627117226;17352625;"2018-10-31T23:59:59.999Z"
"2018-09-01T00:00:00.000Z";"2018-09-30T23:59:59.999Z";"2018-09-05T02:04:00.000Z";"2018-09-08T20:59:00.000Z";"2781";7044.81;7388.43;6197.52;6625.56;4002280000;114608519470;17297937;"2018-09-30T23:59:59.999Z"
"2018-08-01T00:00:00.000Z";"2018-08-31T23:59:59.999Z";"2018-08-01T00:04:00.000Z";"2018-08-14T03:09:08.000Z";"2781";7769.04;7769.04;5971.05;7037.58;4495650000;121346613238;17242662;"2018-08-31T23:59:59.999Z"
"2018-07-01T00:00:00.000Z";"2018-07-31T23:59:59.999Z";"2018-07-24T23:59:00.000Z";"2018-07-12T23:44:00.000Z";"2781";6411.6801757813;8424.26953125;6136.419921875;7780.44;5287530000;133688476220;17182637;"2018-07-31T23:59:59.999Z"
"2018-06-01T00:00:00.000Z";"2018-06-30T23:59:59.999Z";"2018-06-03T13:49:32.000Z";"2018-06-24T16:04:34.000Z";"2781";7500.7001953125;7754.8901367188;5826.41015625;6404;4543860224;109665618200;17124550;"2018-06-30T23:59:59.999Z"
"2018-05-01T00:00:00.000Z";"2018-05-31T23:59:59.999Z";"2018-05-05T13:24:33.000Z";"2018-05-29T01:49:33.000Z";"2781";9251.4697265625;9964.5;7090.6801757813;7494.169921875;5127130112;127902999390;17067000;"2018-05-31T23:59:59.999Z"
"2018-04-01T00:00:00.000Z";"2018-04-30T23:59:59.999Z";"2018-04-25T02:59:36.000Z";"2018-04-01T15:59:27.000Z";"2781";7003.0600585938;9745.3203125;6526.8701171875;9240.5498046875;8673920000;157163847314;17008062;"2018-04-30T23:59:59.999Z"
"2018-03-01T00:00:00.000Z";"2018-03-31T23:59:59.999Z";"2018-03-05T20:29:26.000Z";"2018-03-30T17:24:28.000Z";"2781";10385;11704.099609375;6683.9301757813;6973.5297851563;4553269760;118204645927;16950475;"2018-03-31T23:59:59.999Z"
"2018-02-01T00:00:00.000Z";"2018-02-28T23:59:59.999Z";"2018-02-20T22:34:27.000Z";"2018-02-06T07:59:30.000Z";"2781";10237.2998046875;11958.5;6048.259765625;10397.900390625;6936189952;175644310997;16892287;"2018-02-28T23:59:59.999Z"
"2018-01-01T00:00:00.000Z";"2018-01-31T23:59:59.999Z";"2018-01-06T22:29:20.000Z";"2018-01-17T16:39:24.000Z";"2781";14112.2001953125;17712.400390625;9402.2900390625;10221.099609375;8041160192;172099559942;16837675;"2018-01-31T23:59:59.999Z"
"2017-12-01T00:00:00.000Z";"2017-12-31T23:59:59.999Z";"2017-12-17T12:19:14.000Z";"2017-12-01T05:19:14.000Z";"2781";10198.599609375;20089;9694.650390625;14156.400390625;12136299520;237465823980;16774450;"2017-12-31T23:59:59.999Z"
"2017-11-01T00:00:00.000Z";"2017-11-30T23:59:59.999Z";"2017-11-29T23:24:14.000Z";"2017-11-12T06:49:10.000Z";"2781";6440.9702148438;11517.400390625;5519.009765625;10233.599609375;8310689792;171020085600;16711625;"2017-11-30T23:59:59.999Z"
"2017-10-01T00:00:00.000Z";"2017-10-31T23:59:59.999Z";"2017-10-31T23:54:13.000Z";"2017-10-05T08:59:11.000Z";"2781";4341.0498046875;6470.4301757813;4164.0498046875;6468.3999023438;2311379968;107743731291;16656937;"2017-10-31T23:59:59.999Z"
"2017-09-01T00:00:00.000Z";"2017-09-30T23:59:59.999Z";"2017-09-02T02:24:26.000Z";"2017-09-15T11:39:35.000Z";"2781";4701.759765625;4975.0400390625;2946.6201171875;4338.7099609375;1207449984;72008428789.3;16596737;"2017-09-30T23:59:59.999Z"
"2017-08-01T00:00:00.000Z";"2017-08-31T23:59:59.999Z";"2017-08-31T19:40:21.000Z";"2017-08-02T15:19:55.000Z";"2781";2871.3000488281;4736.0498046875;2668.5900878906;4703.3901367188;1944930048;77775374624.8;16536025;"2017-08-31T23:59:59.999Z"
"2017-07-01T00:00:00.000Z";"2017-07-31T23:59:59.999Z";"2017-07-07T20:44:10.000Z";"2017-07-16T13:09:08.000Z";"2781";2492.6000976563;2916.1398925781;1843.0300292969;2875.3400878906;860574976;47388334773;16480950;"2017-07-31T23:59:59.999Z"
"2017-06-01T00:00:00.000Z";"2017-06-30T23:59:59.999Z";"2017-06-06T01:54:11.000Z";"2017-06-15T14:04:14.000Z";"2781";2288.330078125;2999.9099121094;2212.9599609375;2480.8400878906;860273024;40735082695;16419875;"2017-06-30T23:59:59.999Z"
"2017-05-01T00:00:00.000Z";"2017-05-31T23:59:59.999Z";"2017-05-25T15:14:11.000Z";"2017-05-01T00:04:08.000Z";"2781";1348.3000488281;2763.7099609375;1348.3000488281;2286.4099121094;1544829952;37414813240;16364000;"2017-05-31T23:59:59.999Z"
"2017-04-01T00:00:00.000Z";"2017-04-30T23:59:59.999Z";"2017-04-30T23:54:06.000Z";"2017-04-01T20:39:08.000Z";"2781";1071.7099609375;1347.9100341797;1061.0899658203;1347.8900146484;413115008;21975104908.9;16303337;"2017-04-30T23:59:59.999Z"
"2017-03-01T00:00:00.000Z";"2017-03-31T23:59:59.999Z";"2017-03-03T12:44:08.000Z";"2017-03-25T06:39:06.000Z";"2781";1180.0400390625;1280.3100585938;903.7130126953;1071.7900390625;447287008;17414322807.7;16247887;"2017-03-31T23:59:59.999Z"
"2017-02-01T00:00:00.000Z";"2017-02-28T23:59:59.999Z";"2017-02-24T04:39:06.000Z";"2017-02-10T08:44:01.000Z";"2781";970.9409790039;1200.3900146484;946.6909790039;1179.9699707031;184956000;19103684800.8;16189975;"2017-02-28T23:59:59.999Z"
"2017-01-01T00:00:00.000Z";"2017-01-31T23:59:59.999Z";"2017-01-05T15:54:27.000Z";"2017-01-12T07:54:27.000Z";"2781";963.6580200195;1191.0999755859;755.7559814453;970.4030151367;164582000;15659186515.2;16136787;"2017-01-31T23:59:59.999Z"
"2016-12-01T00:00:00.000Z";"2016-12-31T23:59:59.999Z";"2016-12-29T01:49:36.000Z";"2016-12-01T00:04:29.000Z";"2781";746.0460205078;979.3969726563;746.0460205078;963.742980957;99135104;15492554222.2;16075400;"2016-12-31T23:59:59.999Z"
"2016-11-01T00:00:00.000Z";"2016-11-30T23:59:59.999Z";"2016-11-19T07:34:30.000Z";"2016-11-03T22:49:28.000Z";"2781";701.3369750977;756.2369995117;678.1560058594;745.6909790039;84070800;11943536630.3;16016737;"2016-11-30T23:59:59.999Z"
"2016-10-01T00:00:00.000Z";"2016-10-31T23:59:59.999Z";"2016-10-29T20:59:28.000Z";"2016-10-04T21:19:26.000Z";"2781";609.9290161133;720.4019775391;609.4790039063;700.9719848633;97064400;11181852070.1;15951924;"2016-10-31T23:59:59.999Z"
"2016-09-01T00:00:00.000Z";"2016-09-30T23:59:59.999Z";"2016-09-11T18:29:28.000Z";"2016-09-02T04:14:28.000Z";"2781";575.5460205078;628.8179931641;570.8109741211;609.7349853516;56122400;9693198750.06;15897396;"2016-09-30T23:59:59.999Z"
"2016-08-01T00:00:00.000Z";"2016-08-31T23:59:59.999Z";"2016-08-01T11:04:23.000Z";"2016-08-02T23:19:24.000Z";"2781";624.6019897461;626.1190185547;531.333984375;575.4719848633;75840896;9117106216.7;15842832;"2016-08-31T23:59:59.999Z"
"2016-07-01T00:00:00.000Z";"2016-07-31T23:59:59.999Z";"2016-07-03T00:04:23.000Z";"2016-07-07T21:39:23.000Z";"2781";672.5150146484;704.9680175781;611.833984375;624.6810302734;110818000;9861866432.96;15787044;"2016-07-31T23:59:59.999Z"
"2016-06-01T00:00:00.000Z";"2016-06-30T23:59:59.999Z";"2016-06-18T20:09:22.000Z";"2016-06-01T03:44:22.000Z";"2781";531.1069946289;777.9899902344;525.6359863281;673.3369750977;138980000;10583527799.4;15718025;"2016-06-30T23:59:59.999Z"
"2016-05-01T00:00:00.000Z";"2016-05-31T23:59:59.999Z";"2016-05-29T19:09:23.000Z";"2016-05-20T00:09:23.000Z";"2781";448.4840087891;553.9600219727;437.3890075684;531.3859863281;138450000;8293035755.05;15606425;"2016-05-31T23:59:59.999Z"
"2016-04-01T00:00:00.000Z";"2016-04-30T23:59:59.999Z";"2016-04-26T18:19:22.000Z";"2016-04-01T09:29:21.000Z";"2781";416.7600097656;467.9649963379;415.8309936523;448.3179931641;69322600;6944860514.15;15490925;"2016-04-30T23:59:59.999Z"
"2016-03-01T00:00:00.000Z";"2016-03-31T23:59:59.999Z";"2016-03-01T00:54:23.000Z";"2016-03-05T16:44:20.000Z";"2781";437.9169921875;439.6530151367;394.0350036621;416.7290039063;60215200;6409062819.05;15379450;"2016-03-31T23:59:59.999Z"
"2016-02-01T00:00:00.000Z";"2016-02-29T23:59:59.999Z";"2016-02-21T08:29:20.000Z";"2016-02-01T01:54:20.000Z";"2781";369.3500061035;448.0459899902;367.9570007324;437.6969909668;60694700;6681444705;15265000;"2016-02-29T23:59:59.999Z"
"2016-01-01T00:00:00.000Z";"2016-01-31T23:59:59.999Z";"2016-01-08T01:29:27.000Z";"2016-01-16T08:04:18.000Z";"2781";430.7210083008;462.9339904785;354.9140014648;368.766998291;37894300;5587253351.23;15151175;"2016-01-31T23:59:59.999Z"
"2015-12-01T00:00:00.000Z";"2015-12-31T23:59:59.999Z";"2015-12-12T03:49:35.000Z";"2015-12-02T01:14:20.000Z";"2781";377.4140014648;469.1029968262;349.4649963379;430.566986084;45996600;6471217490.68;15029525;"2015-12-31T23:59:59.999Z"
"2015-11-01T00:00:00.000Z";"2015-11-30T23:59:59.999Z";"2015-11-04T13:54:20.000Z";"2015-11-11T02:59:21.000Z";"2781";315.0050048828;495.5620117188;300.9970092773;377.3210144043;71701600;5623195996.95;14902950;"2015-11-30T23:59:59.999Z"
"2015-10-01T00:00:00.000Z";"2015-10-31T23:59:59.999Z";"2015-10-30T08:14:21.000Z";"2015-10-01T10:19:24.000Z";"2781";236.0039978027;334.1690063477;235.6159973145;314.1659851074;48598100;4645486246.35;14786725;"2015-10-31T23:59:59.999Z"
"2015-09-01T00:00:00.000Z";"2015-09-30T23:59:59.999Z";"2015-09-15T19:29:23.000Z";"2015-09-22T07:49:23.000Z";"2781";230.2559967041;259.1820068359;225.1170043945;236.0599975586;19743500;3463625759;14672650;"2015-09-30T23:59:59.999Z"
"2015-08-01T00:00:00.000Z";"2015-08-31T23:59:59.999Z";"2015-08-04T18:24:22.000Z";"2015-08-25T00:54:21.000Z";"2781";284.6860046387;285.7149963379;199.5670013428;230.0559997559;20710700;3349845416;14561000;"2015-08-31T23:59:59.999Z"
"2015-07-01T00:00:00.000Z";"2015-07-31T23:59:59.999Z";"2015-07-12T14:54:21.000Z";"2015-07-03T07:09:22.000Z";"2781";263.3450012207;314.3940124512;253.5050048828;284.6499938965;23629100;4112089481.25;14446125;"2015-07-31T23:59:59.999Z"
"2015-06-01T00:00:00.000Z";"2015-06-30T23:59:59.999Z";"2015-06-30T15:49:22.000Z";"2015-06-01T21:59:21.000Z";"2781";230.233001709;267.8670043945;221.296005249;263.0719909668;44533800;3770229521.6;14331550;"2015-06-30T23:59:59.999Z"
"2015-05-01T00:00:00.000Z";"2015-05-31T23:59:59.999Z";"2015-05-09T07:59:19.000Z";"2015-05-07T07:19:19.000Z";"2781";235.9389953613;247.8040008545;228.5729980469;230.1900024414;14730800;3273756425.25;14221975;"2015-05-31T23:59:59.999Z"
"2015-04-01T00:00:00.000Z";"2015-04-30T23:59:59.999Z";"2015-04-06T02:34:22.000Z";"2015-04-26T16:04:23.000Z";"2781";244.2230072021;261.7980041504;214.8739929199;236.1450042725;33818600;3332094504.38;14110375;"2015-04-30T23:59:59.999Z"
"2015-03-01T00:00:00.000Z";"2015-03-31T23:59:59.999Z";"2015-03-10T15:04:19.000Z";"2015-03-25T07:34:21.000Z";"2781";254.2830047607;300.0440063477;236.5149993896;244.2239990234;22672000;3420112896;14004000;"2015-03-31T23:59:59.999Z"
"2015-02-01T00:00:00.000Z";"2015-02-28T23:59:59.999Z";"2015-02-15T09:49:21.000Z";"2015-02-01T14:34:01.000Z";"2781";216.8670043945;265.6109924316;212.0149993896;254.2630004883;13949300;3531776635.75;13890250;"2015-02-28T23:59:59.999Z"
"2015-01-01T00:00:00.000Z";"2015-01-31T23:59:59.999Z";"2015-01-01T00:04:00.000Z";"2015-01-14T22:54:01.000Z";"2781";320.4349975586;320.4349975586;171.5099945068;217.4640045166;23348200;2997692310.6;13784775;"2015-01-31T23:59:59.999Z"
"2014-12-01T00:00:00.000Z";"2014-12-31T23:59:59.999Z";"2014-12-02T09:54:00.000Z";"2014-12-18T08:09:00.000Z";"2781";378.2489929199;384.0379943848;304.2319946289;320.1929931641;13942900;4377510594.68;13671475;"2014-12-31T23:59:59.999Z"
"2014-11-01T00:00:00.000Z";"2014-11-30T23:59:59.999Z";"2014-11-13T05:19:00.000Z";"2014-11-02T11:59:00.000Z";"2781";338.6499938965;457.0929870605;320.6260070801;378.0469970703;9194440;5125958175.35;13559050;"2014-11-30T23:59:59.999Z"
"2014-10-01T00:00:00.000Z";"2014-10-31T23:59:59.999Z";"2014-10-14T06:04:00.000Z";"2014-10-05T16:34:00.000Z";"2781";387.4270019531;411.6979980469;289.2959899902;338.3210144043;12545400;4549893052.45;13448450;"2014-10-31T23:59:59.999Z"
"2014-09-01T00:00:00.000Z";"2014-09-30T23:59:59.999Z";"2014-09-04T15:19:00.000Z";"2014-09-29T07:03:59.000Z";"2781";477.7869873047;493.9280090332;372.2399902344;386.9440002441;34707300;5158621324.8;13331700;"2014-09-30T23:59:59.999Z"
"2014-08-01T00:00:00.000Z";"2014-08-31T23:59:59.999Z";"2014-08-08T02:14:00.000Z";"2014-08-18T12:54:00.000Z";"2781";586.2020263672;598.116027832;443.8510131836;477.7630004883;44632300;6312801959.75;13213250;"2014-08-31T23:59:59.999Z"
"2014-07-01T00:00:00.000Z";"2014-07-31T23:59:59.999Z";"2014-07-01T12:26:11.000Z";"2014-07-31T00:24:00.000Z";"2781";641.3909912109;657.8579711914;564.5109863281;586.2349853516;22467900;7670841007.38;13084925;"2014-07-31T23:59:59.999Z"
"2014-06-01T00:00:00.000Z";"2014-06-30T23:59:59.999Z";"2014-06-03T05:16:08.000Z";"2014-06-14T16:46:06.000Z";"2781";623.6929931641;674.1110229492;549.8209838867;639.7969970703;46422400;8296103744.68;12966775;"2014-06-30T23:59:59.999Z"
"2014-05-01T00:00:00.000Z";"2014-05-31T23:59:59.999Z";"2014-05-31T23:21:05.000Z";"2014-05-06T04:11:06.000Z";"2781";447.6329956055;624.7150268555;423.2510070801;623.6770019531;15107100;8007248675.68;12838775;"2014-05-31T23:59:59.999Z"
"2014-04-01T00:00:00.000Z";"2014-04-30T23:59:59.999Z";"2014-04-16T08:31:02.000Z";"2014-04-11T01:46:02.000Z";"2781";457;542.3779907227;351.2720031738;447.6449890137;15244900;5690810164.88;12712775;"2014-04-30T23:59:59.999Z"
"2014-03-01T00:00:00.000Z";"2014-03-31T23:59:59.999Z";"2014-03-03T18:01:43.000Z";"2014-03-31T05:16:02.000Z";"2781";549.9199829102;702.9099731445;443.3649902344;457.0010070801;28254000;5752294437.05;12587050;"2014-03-31T23:59:59.999Z"
"2014-02-01T00:00:00.000Z";"2014-02-28T23:59:59.999Z";"2014-02-01T14:16:02.000Z";"2014-02-25T06:31:02.000Z";"2781";828.6099853516;853.5200195313;420.4100036621;549.2600097656;28076100;6843353923.5;12459225;"2014-02-28T23:59:59.999Z"
"2014-01-01T00:00:00.000Z";"2014-01-31T23:59:59.999Z";"2014-01-06T11:51:02.000Z";"2014-01-01T00:01:02.000Z";"2781";754.9699707031;1017.1199951172;754.9699707031;829.9199829102;17107900;10238411820;12336625;"2014-01-31T23:59:59.999Z"
"2013-12-01T00:00:00.000Z";"2013-12-31T23:59:59.999Z";"2013-12-04T23:26:02.000Z";"2013-12-18T11:11:02.000Z";"2781";1128.9200439453;1156.1199951172;420.5100097656;754.0100097656;20897300;9191325349.25;12189925;"2013-12-31T23:59:59.999Z"
"2013-11-01T00:00:00.000Z";"2013-11-30T23:59:59.999Z";"2013-11-30T04:21:01.000Z";"2013-11-02T01:01:02.000Z";"2781";203.8999938965;1156.1400146484;201.6499938965;1129.4300537109;0;13620389320.8;12059525;"2013-11-30T23:59:59.999Z"
"2013-10-01T00:00:00.000Z";"2013-10-31T23:59:59.999Z";"2013-10-24T02:31:03.000Z";"2013-10-02T18:01:09.000Z";"2781";132.6799926758;217.4199981689;102.25;204;0;2433658800;11929700;"2013-10-31T23:59:59.999Z"
"2013-09-01T00:00:00.000Z";"2013-09-30T23:59:59.999Z";"2013-09-02T11:36:02.000Z";"2013-09-07T00:41:01.000Z";"2781";135.1399993896;146.5;118.4599990845;133;0;1566038425;11774725;"2013-09-30T23:59:59.999Z"
"2013-08-01T00:00:00.000Z";"2013-08-31T23:59:59.999Z";"2013-08-31T21:11:02.000Z";"2013-08-02T02:36:02.000Z";"2781";106.2129974365;140.8899993896;101.2109985352;135.3500061035;0;1574672051.25;11634075;"2013-08-31T23:59:59.999Z"
"2013-07-01T00:00:00.000Z";"2013-07-31T23:59:59.999Z";"2013-07-31T04:51:01.000Z";"2013-07-05T18:56:01.000Z";"2781";97.5100021362;111.34400177;65.5260009766;106.0899963379;0;1218777833.5;11488150;"2013-07-31T23:59:59.999Z"
"2013-06-01T00:00:00.000Z";"2013-06-30T23:59:59.999Z";"2013-06-01T00:05:02.000Z";"2013-06-09T06:45:01.000Z";"2781";128.8150024414;129.7799987793;88.5;96.6139984131;0;1096957771.35;11354025;"2013-06-30T23:59:59.999Z"
"2013-05-01T00:00:00.000Z";"2013-05-31T23:59:59.999Z";"2013-05-01T00:15:01.000Z";"2013-05-03T03:05:01.000Z";"2781";139;139.8899993896;79.0999984741;129;0;1447870200;11223800;"2013-05-31T23:59:59.999Z"
"2013-04-01T00:00:00.000Z";"2013-04-30T23:59:59.999Z";"2013-04-29T13:15:01.000Z";"2013-04-28T20:15:02.000Z";"2781";135.3000030518;147.4880065918;132.1000061035;139;0;1542813125;11099375;"2013-04-30T23:59:59.999Z"